cod_acao_rdz;cod_acao;razao_social;dsc_setor_economico;dsc_subsetor;dsc_segmento;segmento_b3;cnpj;dt_carga
AALR;AALR3;ALLIAR;SAÚDE;SERVIÇOS MÉDICO - HOSPITALARES, ANÁLISES E DIAGNÓSTICOS;SERVIÇOS MÉDICO - HOSPITALARES, ANÁLISES E DIAGNÓSTICOS;NM;42771949000135;04/06/2023
ABCB;ABCB4;ABC BRASIL;FINANCEIRO;INTERMEDIÁRIOS FINANCEIROS;BANCOS;N2;28195667000106;04/06/2023
ABEV;ABEV3;AMBEV S/A;CONSUMO NÃO CÍCLICO;BEBIDAS;CERVEJAS E REFRIGERANTES;NI;07526557000100;04/06/2023
ADHM;ADHM1, ADHM3;ADVANCED-DH;SAÚDE;SERVIÇOS MÉDICO - HOSPITALARES, ANÁLISES E DIAGNÓSTICOS;SERVIÇOS MÉDICO - HOSPITALARES, ANÁLISES E DIAGNÓSTICOS;NI;10345009000198;04/06/2023
AERI;AERI3;AERIS;BENS INDUSTRIAIS;MÁQUINAS E EQUIPAMENTOS;MÁQ. E EQUIP. INDUSTRIAIS;NM;12528708000107;04/06/2023
AESB;AESB3;AES BRASIL;UTILIDADE PÚBLICA;ENERGIA ELÉTRICA;ENERGIA ELÉTRICA;NM;37663076000107;04/06/2023
AESL;NI;AES SUL;UTILIDADE PÚBLICA;ENERGIA ELÉTRICA;ENERGIA ELÉTRICA;NI;99999999999999;04/06/2023
AFLT;AFLT3;AFLUENTE T;UTILIDADE PÚBLICA;ENERGIA ELÉTRICA;ENERGIA ELÉTRICA;NI;10338320000100;04/06/2023
AGRO;AGRO3;BRASILAGRO;CONSUMO NÃO CÍCLICO;AGROPECUÁRIA;AGRICULTURA;NM;07628528000159;04/06/2023
AGRU;NI;GRUAIRPORT;BENS INDUSTRIAIS;TRANSPORTE;SERVIÇOS DE APOIO E ARMAZENAGEM;MB;99999999999999;04/06/2023
AGXY;AGXY3;AGROGALAXY;CONSUMO NÃO CÍCLICO;AGROPECUÁRIA;AGRICULTURA;NM;21240146000184;04/06/2023
AHEB;AHEB3, AHEB5, AHEB6;SPTURIS;CONSUMO CÍCLICO;VIAGENS E LAZER;PRODUÇÃO DE EVENTOS E SHOWS;NI;62002886000160;04/06/2023
ALEF;ALEF3B;ALEF S/A;OUTROS;OUTROS;OUTROS;MB;02217319000107;04/06/2023
ALGT;NI;ALGAR TELEC;COMUNICAÇÕES;TELECOMUNICAÇÕES;TELECOMUNICAÇÕES;NI;99999999999999;04/06/2023
ALLD;ALLD3;ALLIED;CONSUMO CÍCLICO;COMÉRCIO;ELETRODOMÉSTICOS;NM;20247322000147;04/06/2023
ALPA;ALPA3, ALPA4;ALPARGATAS;CONSUMO CÍCLICO;TECIDOS, VESTUÁRIO E CALÇADOS;CALÇADOS;N1;61079117000105;04/06/2023
ALPK;ALPK3;ESTAPAR;BENS INDUSTRIAIS;SERVIÇOS;SERVIÇOS DIVERSOS;NM;60537263000166;04/06/2023
ALSO;ALSO3;ALIANSCSONAE;FINANCEIRO;EXPLORAÇÃO DE IMÓVEIS;EXPLORAÇÃO DE IMÓVEIS;NM;05878397000132;04/06/2023
ALUP;ALUP11, ALUP3, ALUP4;ALUPAR;UTILIDADE PÚBLICA;ENERGIA ELÉTRICA;ENERGIA ELÉTRICA;N2;08364948000138;04/06/2023
AMAR;AMAR3;LOJAS MARISA;CONSUMO CÍCLICO;COMÉRCIO;TECIDOS, VESTUÁRIO E CALÇADOS;NM;61189288000189;04/06/2023
AMBP;AMBP3;AMBIPAR;UTILIDADE PÚBLICA;ÁGUA E SANEAMENTO;ÁGUA E SANEAMENTO;NM;12648266000124;04/06/2023
ANHB;NI;AUTOBAN;BENS INDUSTRIAIS;TRANSPORTE;EXPLORAÇÃO DE RODOVIAS;NI;99999999999999;04/06/2023
ANIM;ANIM3;ANIMA;CONSUMO CÍCLICO;DIVERSOS;SERVIÇOS EDUCACIONAIS;NM;09288252000132;04/06/2023
APCS;APCS-CRI05B0;TRUESEC;FINANCEIRO;SECURITIZADORAS DE RECEBÍVEIS;SECURITIZADORAS DE RECEBÍVEIS;NI;12130744000100;04/06/2023
APER;APER3;ALPER S.A.;FINANCEIRO;PREVIDÊNCIA E SEGUROS;CORRETORAS DE SEGUROS;NM;11721921000160;04/06/2023
APTI;APTI3, APTI4;ALIPERTI;CONSUMO NÃO CÍCLICO;AGROPECUÁRIA;AGRICULTURA;NI;61156931000178;04/06/2023
ARML;ARML3;ARMAC;CONSUMO CÍCLICO;DIVERSOS;ALUGUEL DE CARROS;NM;00242184000104;04/06/2023
ARZZ;ARZZ3;AREZZO CO;CONSUMO CÍCLICO;COMÉRCIO;TECIDOS, VESTUÁRIO E CALÇADOS;NM;16590234000176;04/06/2023
ASAI;ASAI3;ASSAI;CONSUMO NÃO CÍCLICO;COMÉRCIO E DISTRIBUIÇÃO;ALIMENTOS;NM;06057223000171;04/06/2023
ASCP;NI;ECOPISTAS;BENS INDUSTRIAIS;TRANSPORTE;EXPLORAÇÃO DE RODOVIAS;NI;99999999999999;04/06/2023
ATMP;NI;ATMASA;BENS INDUSTRIAIS;SERVIÇOS DIVERSOS;SERVIÇOS DIVERSOS;NM;99999999999999;04/06/2023
ATOM;ATOM3;ATOMPAR;OUTROS;OUTROS;OUTROS;NI;00359742000108;04/06/2023
AURA;AURA33;AURA 360;MATERIAIS BÁSICOS;MINERAÇÃO;MINERAIS METÁLICOS;DR3;07857093000114;04/06/2023
AVLL;AVLL3;ALPHAVILLE;CONSUMO CÍCLICO;CONSTRUÇÃO CIVIL;INCORPORAÇÕES;NM;16811931000100;04/06/2023
AZEV;AZEV3, AZEV4;AZEVEDO;BENS INDUSTRIAIS;CONSTRUÇÃO E ENGENHARIA;CONSTRUÇÃO PESADA;NI;61351532000168;04/06/2023
AZUL;AZUL4;AZUL;BENS INDUSTRIAIS;TRANSPORTE;TRANSPORTE AÉREO;N2;09305994000129;04/06/2023
B3SA;B3SA3;B3;FINANCEIRO;SERVIÇOS FINANCEIROS DIVERSOS;SERVIÇOS FINANCEIROS DIVERSOS;NM;09346601000125;04/06/2023
BAHI;BAHI3;BAHEMA;CONSUMO CÍCLICO;DIVERSOS;SERVIÇOS EDUCACIONAIS;MA;45987245000192;04/06/2023
BALM;BALM4, BALM3;BAUMER;SAÚDE;EQUIPAMENTOS;EQUIPAMENTOS;NI;61374161000130;04/06/2023
BAUH;BAUH3, BAUH4;EXCELSIOR;CONSUMO NÃO CÍCLICO;ALIMENTOS PROCESSADOS;CARNES E DERIVADOS;NI;95426862000197;04/06/2023
BAZA;BAZA3;AMAZONIA;FINANCEIRO;INTERMEDIÁRIOS FINANCEIROS;BANCOS;NI;04902979000144;04/06/2023
BBAS;BBAS11, BBAS12, BBAS3;BRASIL;FINANCEIRO;INTERMEDIÁRIOS FINANCEIROS;BANCOS;NM;00000000000191;04/06/2023
BBDC;BBDC4, BBDC3;BRADESCO;FINANCEIRO;INTERMEDIÁRIOS FINANCEIROS;BANCOS;N1;60746948000112;04/06/2023
BBML;BBML3;BBMLOGISTICA;BENS INDUSTRIAIS;SERVIÇOS DIVERSOS;SERVIÇOS DIVERSOS;MA;01107327000120;04/06/2023
BBRK;BBRK3;BR BROKERS;FINANCEIRO;EXPLORAÇÃO DE IMÓVEIS;INTERMEDIAÇÃO IMOBILIÁRIA;NM;08613550000198;04/06/2023
BBSE;BBSE3;BBSEGURIDADE;FINANCEIRO;PREVIDÊNCIA E SEGUROS;SEGURADORAS;NM;17344597000194;04/06/2023
BDLL;BDLL4, BDLL3;BARDELLA;BENS INDUSTRIAIS;MÁQUINAS E EQUIPAMENTOS;MÁQ. E EQUIP. INDUSTRIAIS;NI;60851615000153;04/06/2023
BDLS;NI;BRADESCO LSG;FINANCEIRO;INTERMEDIÁRIOS FINANCEIROS;SOC. ARRENDAMENTO MERCANTIL;NI;99999999999999;04/06/2023
BEEF;BEEF3, BEEF11;MINERVA;CONSUMO NÃO CÍCLICO;ALIMENTOS PROCESSADOS;CARNES E DERIVADOS;NM;67620377000114;04/06/2023
BEES;BEES3, BEES4;BANESTES;FINANCEIRO;INTERMEDIÁRIOS FINANCEIROS;BANCOS;NI;28127603000178;04/06/2023
BETP;BETP3B;BETAPART;OUTROS;OUTROS;OUTROS;MB;02762124000130;04/06/2023
BFRE;NI;BRAZILIAN FR;FINANCEIRO;SERVIÇOS FINANCEIROS DIVERSOS;GESTÃO DE RECURSOS E INVESTIMENTOS;NI;99999999999999;04/06/2023
BGIP;BGIP3, BGIP4;BANESE;FINANCEIRO;INTERMEDIÁRIOS FINANCEIROS;BANCOS;NI;13009717000146;04/06/2023
BIDI;BIDI3, BIDI11, BIDI4;BANCO INTER;FINANCEIRO;INTERMEDIÁRIOS FINANCEIROS;BANCOS;N2;00416968000101;04/06/2023
BIOM;BIOM3;BIOMM;SAÚDE;MEDICAMENTOS E OUTROS PRODUTOS;MEDICAMENTOS E OUTROS PRODUTOS;MA;04752991000110;04/06/2023
BKBR;BKBR3;BK BRASIL;CONSUMO CÍCLICO;HOTEIS E RESTAURANTES;RESTAURANTE E SIMILARES;NM;13574594000196;04/06/2023
BMEB;BMEB3, BMEB4;MERC BRASIL;FINANCEIRO;INTERMEDIÁRIOS FINANCEIROS;BANCOS;NI;17184037000110;04/06/2023
BMGB;BMGB4;BANCO BMG;FINANCEIRO;INTERMEDIÁRIOS FINANCEIROS;BANCOS;N1;61186680000174;04/06/2023
BMIN;BMIN3, BMIN4;MERC INVEST;FINANCEIRO;INTERMEDIÁRIOS FINANCEIROS;BANCOS;NI;34169557000172;04/06/2023
BMKS;BMKS3;BIC MONARK;CONSUMO CÍCLICO;VIAGENS E LAZER;BICICLETAS;NI;56992423000190;04/06/2023
BMOB;BMOB3;BEMOBI TECH;TECNOLOGIA DA INFORMAÇÃO;PROGRAMAS E SERVIÇOS;PROGRAMAS E SERVIÇOS;NM;09042817000105;04/06/2023
BNBR;BNBR3;NORD BRASIL;FINANCEIRO;INTERMEDIÁRIOS FINANCEIROS;BANCOS;NI;07237373000120;04/06/2023
BNDP;NI;BNDESPAR;FINANCEIRO;SERVIÇOS FINANCEIROS DIVERSOS;GESTÃO DE RECURSOS E INVESTIMENTOS;MB;99999999999999;04/06/2023
BOAS;BOAS3;BOA VISTA;FINANCEIRO;SERVIÇOS FINANCEIROS DIVERSOS;SERVIÇOS FINANCEIROS DIVERSOS;NM;11725176000127;04/06/2023
BOBR;BOBR3, BOBR4;BOMBRIL;CONSUMO NÃO CÍCLICO;PRODUTOS DE USO PESSOAL E DE LIMPEZA;PRODUTOS DE LIMPEZA;NI;50564053000103;04/06/2023
BPAC;BPAC11, BPAC3, BPAC5;BTGP BANCO;FINANCEIRO;INTERMEDIÁRIOS FINANCEIROS;BANCOS;NI;30306294000145;04/06/2023
BPAN;BPAN4;BANCO PAN;FINANCEIRO;INTERMEDIÁRIOS FINANCEIROS;BANCOS;N1;59285411000113;04/06/2023
BPAR;BPAR3;BANPARA;FINANCEIRO;INTERMEDIÁRIOS FINANCEIROS;BANCOS;NI;04913711000108;04/06/2023
BRAP;BRAP4, BRAP3;BRADESPAR;MATERIAIS BÁSICOS;MINERAÇÃO;MINERAIS METÁLICOS;N1;03847461000192;04/06/2023
BRBI;BRBI11;BR PARTNERS;FINANCEIRO;INTERMEDIÁRIOS FINANCEIROS;BANCOS;N2;10739356000103;04/06/2023
BRCS;NI;BRC SECURIT;FINANCEIRO;SECURITIZADORAS DE RECEBÍVEIS;SECURITIZADORAS DE RECEBÍVEIS;NI;99999999999999;04/06/2023
BRDT;BRDT3;PETROBRAS BR;PETRÓLEO, GÁS E BIOCOMBUSTÍVEIS;PETRÓLEO, GÁS E BIOCOMBUSTÍVEIS;EXPLORAÇÃO, REFINO E DISTRIBUIÇÃO;NM;34274233000102;04/06/2023
BRFS;BRFS3;BRF SA;CONSUMO NÃO CÍCLICO;ALIMENTOS PROCESSADOS;CARNES E DERIVADOS;NM;01838723000127;04/06/2023
BRGE;BRGE11, BRGE12, BRGE3, BRGE5, BRGE6, BRGE7, BRGE8;ALFA CONSORC;FINANCEIRO;PREVIDÊNCIA E SEGUROS;SEGURADORAS;NI;17193806000146;04/06/2023
BRIT;BRIT3;BRISANET;COMUNICAÇÕES;TELECOMUNICAÇÕES;TELECOMUNICAÇÕES;NM;19796586000170;04/06/2023
BRIV;BRIV3, BRIV4;ALFA INVEST;FINANCEIRO;INTERMEDIÁRIOS FINANCEIROS;BANCOS;NI;60770336000165;04/06/2023
BRKM;BRKM6, BRKM5, BRKM3;BRASKEM;MATERIAIS BÁSICOS;QUÍMICOS;PETROQUÍMICOS;N1;42150391000170;04/06/2023
BRML;BRML3;BR MALLS PAR;FINANCEIRO;EXPLORAÇÃO DE IMÓVEIS;EXPLORAÇÃO DE IMÓVEIS;NM;06977745000191;04/06/2023
BRPR;BRPR3;BR PROPERT;FINANCEIRO;EXPLORAÇÃO DE IMÓVEIS;EXPLORAÇÃO DE IMÓVEIS;NM;06977751000149;04/06/2023
BRQB;BRQB3;BRQ;TECNOLOGIA DA INFORMAÇÃO;PROGRAMAS E SERVIÇOS;PROGRAMAS E SERVIÇOS;MA;36542025000164;04/06/2023
BRSR;BRSR6, BRSR5, BRSR3;BANRISUL;FINANCEIRO;INTERMEDIÁRIOS FINANCEIROS;BANCOS;N1;92702067000196;04/06/2023
BSCS;NI;BRAZILIAN SC;FINANCEIRO;SECURITIZADORAS DE RECEBÍVEIS;SECURITIZADORAS DE RECEBÍVEIS;NI;99999999999999;04/06/2023
BSEV;BSEV3;BIOSEV;CONSUMO NÃO CÍCLICO;ALIMENTOS PROCESSADOS;AÇUCAR E ALCOOL;NM;15527906000136;04/06/2023
BSLI;BSLI4, BSLI3;BRB BANCO;FINANCEIRO;INTERMEDIÁRIOS FINANCEIROS;BANCOS;NI;00000208000100;04/06/2023
BTOW;BTOW3;B2W DIGITAL;CONSUMO CÍCLICO;COMÉRCIO;PRODUTOS DIVERSOS;NM;00776574000156;04/06/2023
BTTL;BTTL3;BATTISTELLA;BENS INDUSTRIAIS;COMÉRCIO;MATERIAL DE TRANSPORTE;NI;42331462000131;04/06/2023
BVLS;NI;BV LEASING;FINANCEIRO;INTERMEDIÁRIOS FINANCEIROS;SOC. ARRENDAMENTO MERCANTIL;NI;99999999999999;04/06/2023
BZRS;NI;BRAZIL REALT;FINANCEIRO;SECURITIZADORAS DE RECEBÍVEIS;SECURITIZADORAS DE RECEBÍVEIS;NI;99999999999999;04/06/2023
CABI;CABI3B;CABINDA PART;OUTROS;OUTROS;OUTROS;MB;04030182000102;04/06/2023
CACO;CACO3B;CACONDE PART;OUTROS;OUTROS;OUTROS;MB;04031213000131;04/06/2023
CALI;CALI3, CALI4;CONST A LIND;CONSUMO CÍCLICO;CONSTRUÇÃO CIVIL;INCORPORAÇÕES;NI;61022042000118;04/06/2023
CAMB;CAMB3;CAMBUCI;CONSUMO CÍCLICO;TECIDOS, VESTUÁRIO E CALÇADOS;CALÇADOS;NI;61088894000108;04/06/2023
CAML;CAML3;CAMIL;CONSUMO NÃO CÍCLICO;ALIMENTOS PROCESSADOS;ALIMENTOS DIVERSOS;NM;64904295000103;04/06/2023
CARD;CARD3;CSU CARDSYST;BENS INDUSTRIAIS;SERVIÇOS DIVERSOS;SERVIÇOS DIVERSOS;NM;01896779000138;04/06/2023
CASH;CASH3;MELIUZ;TECNOLOGIA DA INFORMAÇÃO;PROGRAMAS E SERVIÇOS;PROGRAMAS E SERVIÇOS;NM;14110585000107;04/06/2023
CASN;CASN4, CASN3;CASAN;UTILIDADE PÚBLICA;ÁGUA E SANEAMENTO;ÁGUA E SANEAMENTO;NI;82508433000117;04/06/2023
CATA;CATA3, CATA4;IND CATAGUAS;CONSUMO CÍCLICO;TECIDOS, VESTUÁRIO E CALÇADOS;FIOS E TECIDOS;NI;19526748000150;04/06/2023
CBAV;CBAV3;CBA;MATERIAIS BÁSICOS;MINERAÇÃO;MINERAIS METÁLICOS;NM;61409892000173;04/06/2023
CBEE;CBEE3;AMPLA ENERG;UTILIDADE PÚBLICA;ENERGIA ELÉTRICA;ENERGIA ELÉTRICA;NI;33050071000158;04/06/2023
CBSC;NI;CIBRASEC;FINANCEIRO;SECURITIZADORAS DE RECEBÍVEIS;SECURITIZADORAS DE RECEBÍVEIS;NI;99999999999999;04/06/2023
CCPR;CCPR3;CYRE COM-CCP;FINANCEIRO;EXPLORAÇÃO DE IMÓVEIS;EXPLORAÇÃO DE IMÓVEIS;NM;08801621000186;04/06/2023
CCRO;CCRO3;CCR SA;BENS INDUSTRIAIS;TRANSPORTE;EXPLORAÇÃO DE RODOVIAS;NM;02846056000197;04/06/2023
CEAB;CEAB3;CEA MODAS;CONSUMO CÍCLICO;COMÉRCIO;TECIDOS, VESTUÁRIO E CALÇADOS;NM;45242914000105;04/06/2023
CEBR;CEBR6, CEBR5, CEBR3;CEB;UTILIDADE PÚBLICA;ENERGIA ELÉTRICA;ENERGIA ELÉTRICA;NI;00070698000111;04/06/2023
CEDO;CEDO4, CEDO3;CEDRO;CONSUMO CÍCLICO;TECIDOS, VESTUÁRIO E CALÇADOS;FIOS E TECIDOS;N1;17245234000100;04/06/2023
CEEB;CEEB3, CEEB5, CEEB6;COELBA;UTILIDADE PÚBLICA;ENERGIA ELÉTRICA;ENERGIA ELÉTRICA;NI;15139629000194;04/06/2023
CEED;CEED4, CEED3;CEEE-D;UTILIDADE PÚBLICA;ENERGIA ELÉTRICA;ENERGIA ELÉTRICA;N1;08467115000100;04/06/2023
CEGR;CEGR3;CEG;UTILIDADE PÚBLICA;GÁS;GÁS;NI;33938119000169;04/06/2023
CEPE;CEPE5, CEPE3;CELPE;UTILIDADE PÚBLICA;ENERGIA ELÉTRICA;ENERGIA ELÉTRICA;NI;10835932000108;04/06/2023
CESP;CESP6, CESP5, CESP3;CESP;UTILIDADE PÚBLICA;ENERGIA ELÉTRICA;ENERGIA ELÉTRICA;N1;60933603000178;04/06/2023
CGAS;CGAS3, CGAS5;COMGAS;UTILIDADE PÚBLICA;GÁS;GÁS;NI;61856571000117;04/06/2023
CGRA;CGRA4, CGRA3;GRAZZIOTIN;CONSUMO CÍCLICO;COMÉRCIO;TECIDOS, VESTUÁRIO E CALÇADOS;NI;92012467000170;04/06/2023
CIEL;CIEL3;CIELO;FINANCEIRO;SERVIÇOS FINANCEIROS DIVERSOS;SERVIÇOS FINANCEIROS DIVERSOS;NM;01027058000191;04/06/2023
CLSA;CLSA3;CLEARSALE;FINANCEIRO;SERVIÇOS FINANCEIROS DIVERSOS;SERVIÇOS FINANCEIROS DIVERSOS;NM;03802115000198;04/06/2023
CLSC;CLSC4, CLSC3;CELESC;UTILIDADE PÚBLICA;ENERGIA ELÉTRICA;ENERGIA ELÉTRICA;N2;83878892000155;04/06/2023
CMGD;NI;CEMIG DIST;UTILIDADE PÚBLICA;ENERGIA ELÉTRICA;ENERGIA ELÉTRICA;NI;99999999999999;04/06/2023
CMGT;NI;CEMIG GT;UTILIDADE PÚBLICA;ENERGIA ELÉTRICA;ENERGIA ELÉTRICA;NI;99999999999999;04/06/2023
CMIG;CMIG4, CMIG3;CEMIG;UTILIDADE PÚBLICA;ENERGIA ELÉTRICA;ENERGIA ELÉTRICA;N1;17155730000164;04/06/2023
CMIN;CMIN3;CSNMINERACAO;MATERIAIS BÁSICOS;MINERAÇÃO;MINERAIS METÁLICOS;N2;08902291000115;04/06/2023
CMSA;CMSA3, CMSA4;CIMS;OUTROS;OUTROS;OUTROS;NI;00272185000193;04/06/2023
CNSY;CNSY3;CINESYSTEM;COMUNICAÇÕES;MÍDIA;PRODUÇÃO E DIFUSÃO DE FILMES E PROGRAMAS;MA;07437016000105;04/06/2023
CNTO;CNTO3;CENTAURO;CONSUMO CÍCLICO;COMÉRCIO;PRODUTOS DIVERSOS;NM;13217485000111;04/06/2023
COCE;COCE6, COCE5, COCE3;COELCE;UTILIDADE PÚBLICA;ENERGIA ELÉTRICA;ENERGIA ELÉTRICA;NI;07047251000170;04/06/2023
COGN;COGN3;COGNA ON;CONSUMO CÍCLICO;DIVERSOS;SERVIÇOS EDUCACIONAIS;NM;02800026000140;04/06/2023
COLN;NI;ROD COLINAS;BENS INDUSTRIAIS;TRANSPORTE;EXPLORAÇÃO DE RODOVIAS;NI;99999999999999;04/06/2023
CORR;CORR3, CORR4;COR RIBEIRO;FINANCEIRO;EXPLORAÇÃO DE IMÓVEIS;EXPLORAÇÃO DE IMÓVEIS;NI;15101405000193;04/06/2023
CPFE;CPFE3;CPFL ENERGIA;UTILIDADE PÚBLICA;ENERGIA ELÉTRICA;ENERGIA ELÉTRICA;NM;02429144000193;04/06/2023
CPFG;NI;CPFL GERACAO;UTILIDADE PÚBLICA;ENERGIA ELÉTRICA;ENERGIA ELÉTRICA;NI;99999999999999;04/06/2023
CPFP;NI;CPFL PIRATIN;UTILIDADE PÚBLICA;ENERGIA ELÉTRICA;ENERGIA ELÉTRICA;NI;99999999999999;04/06/2023
CPLE;CPLE6, CPLE5, CPLE3;COPEL;UTILIDADE PÚBLICA;ENERGIA ELÉTRICA;ENERGIA ELÉTRICA;N1;76483817000120;04/06/2023
CPRE;CPRE3;CPFL RENOVAV;UTILIDADE PÚBLICA;ENERGIA ELÉTRICA;ENERGIA ELÉTRICA;NM;08439659000150;04/06/2023
CPTE;NI;CACHOEIRA;UTILIDADE PÚBLICA;ENERGIA ELÉTRICA;ENERGIA ELÉTRICA;MB;99999999999999;04/06/2023
CPTP;NI;CAPITALPART;OUTROS;OUTROS;OUTROS;MB;99999999999999;04/06/2023
CRBD;NI;RT BANDEIRAS;BENS INDUSTRIAIS;TRANSPORTE;EXPLORAÇÃO DE RODOVIAS;NI;99999999999999;04/06/2023
CRDE;CRDE3;CR2;CONSUMO CÍCLICO;CONSTRUÇÃO CIVIL;INCORPORAÇÕES;NM;07820907000146;04/06/2023
CRFB;CRFB3;CARREFOUR BR;CONSUMO NÃO CÍCLICO;COMÉRCIO E DISTRIBUIÇÃO;ALIMENTOS;NM;75315333000109;04/06/2023
CRIV;CRIV3, CRIV4;ALFA FINANC;FINANCEIRO;INTERMEDIÁRIOS FINANCEIROS;SOC. CRÉDITO E FINANCIAMENTO;NI;17167412000113;04/06/2023
CRPG;CRPG3, CRPG5, CRPG6;CRISTAL;MATERIAIS BÁSICOS;QUÍMICOS;QUÍMICOS DIVERSOS;NI;15115504000124;04/06/2023
CRTE;CRTE3B, CRTE5B;CONC RIO TER;BENS INDUSTRIAIS;TRANSPORTE;EXPLORAÇÃO DE RODOVIAS;MB;00938574000105;04/06/2023
CSAB;CSAB3, CSAB4;SEG AL BAHIA;FINANCEIRO;PREVIDÊNCIA E SEGUROS;SEGURADORAS;NI;15144017000190;04/06/2023
CSAN;CSAN3;COSAN;PETRÓLEO, GÁS E BIOCOMBUSTÍVEIS;PETRÓLEO, GÁS E BIOCOMBUSTÍVEIS;EXPLORAÇÃO, REFINO E DISTRIBUIÇÃO;NM;50746577000115;04/06/2023
CSED;CSED3;CRUZEIRO EDU;CONSUMO CÍCLICO;DIVERSOS;SERVIÇOS EDUCACIONAIS;NM;62984091000102;04/06/2023
CSMG;CSMG3;COPASA;UTILIDADE PÚBLICA;ÁGUA E SANEAMENTO;ÁGUA E SANEAMENTO;NM;17281106000103;04/06/2023
CSNA;CSNA3;SID NACIONAL;MATERIAIS BÁSICOS;SIDERURGIA E METALURGIA;SIDERURGIA;NI;33042730000104;04/06/2023
CSRN;CSRN3, CSRN5, CSRN6;COSERN;UTILIDADE PÚBLICA;ENERGIA ELÉTRICA;ENERGIA ELÉTRICA;NI;08324196000181;04/06/2023
CTBA;NI;CEPAC - CTBA;FINANCEIRO;OUTROS TÍTULOS;OUTROS TÍTULOS;MB;99999999999999;04/06/2023
CTKA;CTKA4, CTKA3;KARSTEN;CONSUMO CÍCLICO;TECIDOS, VESTUÁRIO E CALÇADOS;FIOS E TECIDOS;NI;82640558000104;04/06/2023
CTNM;CTNM4, CTNM3;COTEMINAS;CONSUMO CÍCLICO;TECIDOS, VESTUÁRIO E CALÇADOS;FIOS E TECIDOS;NI;22677520000176;04/06/2023
CTSA;CTSA3, CTSA4, CTSA8;SANTANENSE;CONSUMO CÍCLICO;TECIDOS, VESTUÁRIO E CALÇADOS;FIOS E TECIDOS;NI;21255567000189;04/06/2023
CURY;CURY3;CURY S/A;CONSUMO CÍCLICO;CONSTRUÇÃO CIVIL;INCORPORAÇÕES;NM;08797760000183;04/06/2023
CVCB;CVCB3;CVC BRASIL;CONSUMO CÍCLICO;VIAGENS E LAZER;VIAGENS E TURISMO;NM;10760260000119;04/06/2023
CYRE;CYRE3;CYRELA REALT;CONSUMO CÍCLICO;CONSTRUÇÃO CIVIL;INCORPORAÇÕES;NM;73178600000118;04/06/2023
DASA;DASA3;DASA;SAÚDE;SERVIÇOS MÉDICO - HOSPITALARES, ANÁLISES E DIAGNÓSTICOS;SERVIÇOS MÉDICO - HOSPITALARES, ANÁLISES E DIAGNÓSTICOS;NI;61486650000183;04/06/2023
DBEN;NI;DIBENS LSG;FINANCEIRO;INTERMEDIÁRIOS FINANCEIROS;SOC. ARRENDAMENTO MERCANTIL;NI;99999999999999;04/06/2023
DESK;DESK3;DESKTOP;COMUNICAÇÕES;TELECOMUNICAÇÕES;TELECOMUNICAÇÕES;NM;08170849000115;04/06/2023
DIRR;DIRR3;DIRECIONAL;CONSUMO CÍCLICO;CONSTRUÇÃO CIVIL;INCORPORAÇÕES;NM;16614075000100;04/06/2023
DMMO;DMMO11, DMMO3;DOMMO;PETRÓLEO, GÁS E BIOCOMBUSTÍVEIS;PETRÓLEO, GÁS E BIOCOMBUSTÍVEIS;EXPLORAÇÃO, REFINO E DISTRIBUIÇÃO;NI;08926302000105;04/06/2023
DMVF;DMVF3;D1000VFARMA;SAÚDE;COMÉRCIO E DISTRIBUIÇÃO;MEDICAMENTOS E OUTROS PRODUTOS;NM;12108897000150;04/06/2023
DOHL;DOHL3, DOHL4;DOHLER;CONSUMO CÍCLICO;TECIDOS, VESTUÁRIO E CALÇADOS;FIOS E TECIDOS;NI;84683408000103;04/06/2023
DOTZ;DOTZ3;DOTZ SA;CONSUMO CÍCLICO;DIVERSOS;PROGRAMAS DE FIDELIZAÇÃO;NM;18174270000184;04/06/2023
DTCY;DTCY3, DTCY4;DTCOM-DIRECT;BENS INDUSTRIAIS;SERVIÇOS DIVERSOS;SERVIÇOS DIVERSOS;NI;03303999000136;04/06/2023
DTEX;DTEX3;DURATEX;MATERIAIS BÁSICOS;MADEIRA E PAPEL;MADEIRA;NM;97837181000147;04/06/2023
EALT;EALT3, EALT4;ACO ALTONA;BENS INDUSTRIAIS;MÁQUINAS E EQUIPAMENTOS;MÁQ. E EQUIP. INDUSTRIAIS;NI;82643537000134;04/06/2023
EBEN;NI;EBE;UTILIDADE PÚBLICA;ENERGIA ELÉTRICA;ENERGIA ELÉTRICA;NI;99999999999999;04/06/2023
ECNT;NI;ECONORTE;BENS INDUSTRIAIS;TRANSPORTE;EXPLORAÇÃO DE RODOVIAS;NI;99999999999999;04/06/2023
ECOA;NI;ECO SEC AGRO;FINANCEIRO;SECURITIZADORAS DE RECEBÍVEIS;SECURITIZADORAS DE RECEBÍVEIS;MB;99999999999999;04/06/2023
ECOR;ECOR3;ECORODOVIAS;BENS INDUSTRIAIS;TRANSPORTE;EXPLORAÇÃO DE RODOVIAS;NM;04149454000180;04/06/2023
ECOV;NI;ECOVIAS;BENS INDUSTRIAIS;TRANSPORTE;EXPLORAÇÃO DE RODOVIAS;NI;99999999999999;04/06/2023
ECPR;ECPR3, ECPR4;ENCORPAR;CONSUMO CÍCLICO;TECIDOS, VESTUÁRIO E CALÇADOS;FIOS E TECIDOS;NI;01971614000183;04/06/2023
EEEL;EEEL4, EEEL3;CEEE-GT;UTILIDADE PÚBLICA;ENERGIA ELÉTRICA;ENERGIA ELÉTRICA;N1;92715812000131;04/06/2023
EGIE;EGIE3;ENGIE BRASIL;UTILIDADE PÚBLICA;ENERGIA ELÉTRICA;ENERGIA ELÉTRICA;NM;02474103000119;04/06/2023
EKTR;EKTR3, EKTR4;ELEKTRO;UTILIDADE PÚBLICA;ENERGIA ELÉTRICA;ENERGIA ELÉTRICA;NI;02328280000197;04/06/2023
ELEK;ELEK3, ELEK4;ELEKEIROZ;MATERIAIS BÁSICOS;QUÍMICOS;PETROQUÍMICOS;NI;13788120000147;04/06/2023
ELET;ELET3, ELET5, ELET6;ELETROBRAS;UTILIDADE PÚBLICA;ENERGIA ELÉTRICA;ENERGIA ELÉTRICA;N1;00001180000126;04/06/2023
ELMD;ELMD3;ELETROMIDIA;COMUNICAÇÕES;MÍDIA;PUBLICIDADE E PROPAGANDA;NM;09347516000181;04/06/2023
EMAE;EMAE3, EMAE4;EMAE;UTILIDADE PÚBLICA;ENERGIA ELÉTRICA;ENERGIA ELÉTRICA;NI;02302101000142;04/06/2023
EMBR;EMBR3;EMBRAER;BENS INDUSTRIAIS;MATERIAL DE TRANSPORTE;MATERIAL AERONÁUTICO E DE DEFESA;NM;07689002000189;04/06/2023
ENAT;ENAT3;ENAUTA PART;PETRÓLEO, GÁS E BIOCOMBUSTÍVEIS;PETRÓLEO, GÁS E BIOCOMBUSTÍVEIS;EXPLORAÇÃO, REFINO E DISTRIBUIÇÃO;NM;11669021000110;04/06/2023
ENBR;ENBR3;ENERGIAS BR;UTILIDADE PÚBLICA;ENERGIA ELÉTRICA;ENERGIA ELÉTRICA;NM;03983431000103;04/06/2023
ENER;NI;ENERSUL;UTILIDADE PÚBLICA;ENERGIA ELÉTRICA;ENERGIA ELÉTRICA;NI;99999999999999;04/06/2023
ENEV;ENEV3;ENEVA;UTILIDADE PÚBLICA;ENERGIA ELÉTRICA;ENERGIA ELÉTRICA;NM;04423567000121;04/06/2023
ENGI;ENGI11, ENGI3, ENGI4;ENERGISA;UTILIDADE PÚBLICA;ENERGIA ELÉTRICA;ENERGIA ELÉTRICA;N2;00864214000106;04/06/2023
ENJU;ENJU3;ENJOEI;TECNOLOGIA DA INFORMAÇÃO;PROGRAMAS E SERVIÇOS;PROGRAMAS E SERVIÇOS;NM;16922038000151;04/06/2023
ENMT;ENMT3, ENMT4;ENERGISA MT;UTILIDADE PÚBLICA;ENERGIA ELÉTRICA;ENERGIA ELÉTRICA;NI;03467321000199;04/06/2023
EQMA;NI;EQTLMARANHAO;UTILIDADE PÚBLICA;ENERGIA ELÉTRICA;ENERGIA ELÉTRICA;MB;99999999999999;04/06/2023
EQPA;EQPA3, EQPA5, EQPA6, EQPA7;EQTL PARA;UTILIDADE PÚBLICA;ENERGIA ELÉTRICA;ENERGIA ELÉTRICA;NI;04895728000180;04/06/2023
EQTL;EQTL3;EQUATORIAL;UTILIDADE PÚBLICA;ENERGIA ELÉTRICA;ENERGIA ELÉTRICA;NM;03220438000173;04/06/2023
ERDV;NI;ECON;BENS INDUSTRIAIS;TRANSPORTE;EXPLORAÇÃO DE RODOVIAS;NI;99999999999999;04/06/2023
ESCE;NI;ESCELSA;UTILIDADE PÚBLICA;ENERGIA ELÉTRICA;ENERGIA ELÉTRICA;NI;99999999999999;04/06/2023
ESPA;ESPA3;ESPACOLASER;CONSUMO CÍCLICO;COMÉRCIO;PRODUTOS DIVERSOS;NM;26659061000159;04/06/2023
ESTR;ESTR4, ESTR3;ESTRELA;CONSUMO CÍCLICO;VIAGENS E LAZER;BRINQUEDOS E JOGOS;NI;61082004000150;04/06/2023
ETER;ETER3;ETERNIT;BENS INDUSTRIAIS;CONSTRUÇÃO E ENGENHARIA;PRODUTOS PARA CONSTRUÇÃO;NM;61092037000181;04/06/2023
EUCA;EUCA4, EUCA3;EUCATEX;MATERIAIS BÁSICOS;MADEIRA E PAPEL;MADEIRA;N1;56643018000166;04/06/2023
EVEN;EVEN3;EVEN;CONSUMO CÍCLICO;CONSTRUÇÃO CIVIL;INCORPORAÇÕES;NM;43470988000165;04/06/2023
EZTC;EZTC3;EZTEC;CONSUMO CÍCLICO;CONSTRUÇÃO CIVIL;INCORPORAÇÕES;NM;08312229000173;04/06/2023
FESA;FESA4, FESA3;FERBASA;MATERIAIS BÁSICOS;SIDERURGIA E METALURGIA;SIDERURGIA;N1;15141799000103;04/06/2023
FGEN;NI;FGENERGIA;UTILIDADE PÚBLICA;ENERGIA ELÉTRICA;ENERGIA ELÉTRICA;NI;99999999999999;04/06/2023
FHER;FHER3;FER HERINGER;MATERIAIS BÁSICOS;QUÍMICOS;FERTILIZANTES E DEFENSIVOS;NM;22266175000188;04/06/2023
FIGE;FIGE3, FIGE4;INVEST BEMGE;OUTROS;OUTROS;OUTROS;NI;01548981000179;04/06/2023
FIQE;FIQE3;UNIFIQUE;COMUNICAÇÕES;TELECOMUNICAÇÕES;TELECOMUNICAÇÕES;NM;02255187000108;04/06/2023
FLEX;FLEX3;FLEX S/A;BENS INDUSTRIAIS;SERVIÇOS DIVERSOS;SERVIÇOS DIVERSOS;MA;10851805000100;04/06/2023
FLRY;FLRY3;FLEURY;SAÚDE;SERVIÇOS MÉDICO - HOSPITALARES, ANÁLISES E DIAGNÓSTICOS;SERVIÇOS MÉDICO - HOSPITALARES, ANÁLISES E DIAGNÓSTICOS;NM;60840055000131;04/06/2023
FNCN;FNCN3;FINANSINOS;FINANCEIRO;INTERMEDIÁRIOS FINANCEIROS;SOC. CRÉDITO E FINANCIAMENTO;NI;91669747000192;04/06/2023
FRAS;FRAS3;FRAS-LE;BENS INDUSTRIAIS;MATERIAL DE TRANSPORTE;MATERIAL RODOVIÁRIO;N1;88610126000129;04/06/2023
FRIO;FRIO3;METALFRIO;BENS INDUSTRIAIS;MÁQUINAS E EQUIPAMENTOS;MÁQ. E EQUIP. INDUSTRIAIS;NM;04821041000108;04/06/2023
FRRN;FRRN3B, FRRN5B, FRRN6B;ALL NORTE;BENS INDUSTRIAIS;TRANSPORTE;TRANSPORTE FERROVIÁRIO;MB;24962466000136;04/06/2023
FRTA;FRTA3;POMIFRUTAS;CONSUMO NÃO CÍCLICO;AGROPECUÁRIA;AGRICULTURA;NM;86550951000150;04/06/2023
G2DI;G2DI33;G2D INVEST;FINANCEIRO;SERVIÇOS FINANCEIROS DIVERSOS;GESTÃO DE RECURSOS E INVESTIMENTOS;DR3;38307135000177;04/06/2023
GAFL;GAFL-CRA02B0;GAIA AGRO;FINANCEIRO;SECURITIZADORAS DE RECEBÍVEIS;SECURITIZADORAS DE RECEBÍVEIS;NI;14876090000193;04/06/2023
GAIA;NI;GAIA SECURIT;FINANCEIRO;SECURITIZADORAS DE RECEBÍVEIS;SECURITIZADORAS DE RECEBÍVEIS;MB;99999999999999;04/06/2023
GASC;NI;ALL PAULISTA;BENS INDUSTRIAIS;TRANSPORTE;TRANSPORTE FERROVIÁRIO;MB;99999999999999;04/06/2023
GBIO;GBIO33;BIOTOSCANA;SAÚDE;MEDICAMENTOS E OUTROS PRODUTOS;MEDICAMENTOS E OUTROS PRODUTOS;DR3;19688956000156;04/06/2023
GEPA;GEPA3, GEPA4;GER PARANAP;UTILIDADE PÚBLICA;ENERGIA ELÉTRICA;ENERGIA ELÉTRICA;NI;02998301000181;04/06/2023
GFSA;GFSA3;GAFISA;CONSUMO CÍCLICO;CONSTRUÇÃO CIVIL;INCORPORAÇÕES;NM;01545826000107;04/06/2023
GGBR;GGBR3, GGBR4;GERDAU;MATERIAIS BÁSICOS;SIDERURGIA E METALURGIA;SIDERURGIA;N1;33611500000119;04/06/2023
GGPS;GGPS3;GPS;BENS INDUSTRIAIS;SERVIÇOS;SERVIÇOS DIVERSOS;NM;09229201000130;04/06/2023
GMAT;GMAT3;GRUPO MATEUS;CONSUMO NÃO CÍCLICO;COMÉRCIO E DISTRIBUIÇÃO;ALIMENTOS;NM;24990777000109;04/06/2023
GNDI;GNDI3;INTERMEDICA;SAÚDE;SERVIÇOS MÉDICO - HOSPITALARES, ANÁLISES E DIAGNÓSTICOS;SERVIÇOS MÉDICO - HOSPITALARES, ANÁLISES E DIAGNÓSTICOS;NM;19853511000184;04/06/2023
GOAU;GOAU3, GOAU4;GERDAU MET;MATERIAIS BÁSICOS;SIDERURGIA E METALURGIA;SIDERURGIA;N1;92690783000109;04/06/2023
GOLL;GOLL11, GOLL4;GOL;BENS INDUSTRIAIS;TRANSPORTE;TRANSPORTE AÉREO;N2;06164253000187;04/06/2023
GPAR;GPAR3;CELGPAR;UTILIDADE PÚBLICA;ENERGIA ELÉTRICA;ENERGIA ELÉTRICA;NI;08560444000193;04/06/2023
GPCP;GPCP3, GPCP4;GPC PART;MATERIAIS BÁSICOS;QUÍMICOS;PETROQUÍMICOS;NI;02193750000152;04/06/2023
GPIV;GPIV33;GP INVEST;FINANCEIRO;SERVIÇOS FINANCEIROS DIVERSOS;GESTÃO DE RECURSOS E INVESTIMENTOS;DR3;07857850000150;04/06/2023
GRAO;GRAO3;AGRIBRASIL;CONSUMO NÃO CÍCLICO;AGROPECUÁRIA;AGRICULTURA;MA;18483666000103;04/06/2023
GRND;GRND3;GRENDENE;CONSUMO CÍCLICO;TECIDOS, VESTUÁRIO E CALÇADOS;CALÇADOS;NM;89850341000160;04/06/2023
GSHP;GSHP3;GENERALSHOPP;FINANCEIRO;EXPLORAÇÃO DE IMÓVEIS;EXPLORAÇÃO DE IMÓVEIS;NM;08764621000153;04/06/2023
GUAR;GUAR3;GUARARAPES;CONSUMO CÍCLICO;COMÉRCIO;TECIDOS, VESTUÁRIO E CALÇADOS;NI;08402943000152;04/06/2023
HAGA;HAGA3, HAGA4;HAGA S/A;BENS INDUSTRIAIS;CONSTRUÇÃO E ENGENHARIA;PRODUTOS PARA CONSTRUÇÃO;NI;30540991000166;04/06/2023
HAPV;HAPV3;HAPVIDA;SAÚDE;SERVIÇOS MÉDICO - HOSPITALARES, ANÁLISES E DIAGNÓSTICOS;SERVIÇOS MÉDICO - HOSPITALARES, ANÁLISES E DIAGNÓSTICOS;NM;05197443000138;04/06/2023
HBOR;HBOR3;HELBOR;CONSUMO CÍCLICO;CONSTRUÇÃO CIVIL;INCORPORAÇÕES;NM;49263189000102;04/06/2023
HBRE;HBRE3;HBR REALTY;FINANCEIRO;EXPLORAÇÃO DE IMÓVEIS;EXPLORAÇÃO DE IMÓVEIS;NM;14785152000151;04/06/2023
HBTS;HBTS3, HBTS5, HBTS6;HABITASUL;FINANCEIRO;EXPLORAÇÃO DE IMÓVEIS;EXPLORAÇÃO DE IMÓVEIS;NI;87762563000103;04/06/2023
HETA;HETA3, HETA4;HERCULES;CONSUMO CÍCLICO;UTILIDADES DOMÉSTICAS;UTENSÍLIOS DOMÉSTICOS;NI;92749225000163;04/06/2023
HGTX;HGTX3;CIA HERING;CONSUMO CÍCLICO;TECIDOS, VESTUÁRIO E CALÇADOS;VESTUÁRIO;NM;78876950000171;04/06/2023
HOOT;HOOT4;HOTEIS OTHON;CONSUMO CÍCLICO;HOTEIS E RESTAURANTES;HOTELARIA;NI;33200049000147;04/06/2023
HYPE;HYPE3;HYPERA;SAÚDE;COMÉRCIO E DISTRIBUIÇÃO;MEDICAMENTOS E OUTROS PRODUTOS;NM;02932074000191;04/06/2023
IDNT;IDNT3;IDEIASNET;FINANCEIRO;SERVIÇOS FINANCEIROS DIVERSOS;GESTÃO DE RECURSOS E INVESTIMENTOS;NI;02365069000144;04/06/2023
IDVL;IDVL3, IDVL4;INDUSVAL;FINANCEIRO;INTERMEDIÁRIOS FINANCEIROS;BANCOS;N2;61024352000171;04/06/2023
IFCM;IFCM3;INFRACOMM;TECNOLOGIA DA INFORMAÇÃO;PROGRAMAS E SERVIÇOS;PROGRAMAS E SERVIÇOS;NM;38456921000136;04/06/2023
IGBR;IGBR3;IGB S/A;FINANCEIRO;EXPLORAÇÃO DE IMÓVEIS;EXPLORAÇÃO DE IMÓVEIS;NI;43185362000107;04/06/2023
IGSN;IGSN3;IGUA SA;UTILIDADE PÚBLICA;ÁGUA E SANEAMENTO;ÁGUA E SANEAMENTO;MA;08159965000133;04/06/2023
IGTA;IGTA3;IGUATEMI;FINANCEIRO;EXPLORAÇÃO DE IMÓVEIS;EXPLORAÇÃO DE IMÓVEIS;NM;51218147000193;04/06/2023
INEP;INEP4, INEP3;INEPAR;BENS INDUSTRIAIS;MÁQUINAS E EQUIPAMENTOS;MÁQ. E EQUIP. INDUSTRIAIS;NI;76627504000106;04/06/2023
INNT;INNT3;INTER SA;CONSUMO CÍCLICO;CONSTRUÇÃO CIVIL;INCORPORAÇÕES;MA;09611768000176;04/06/2023
INTB;INTB3;INTELBRAS;TECNOLOGIA DA INFORMAÇÃO;COMPUTADORES E EQUIPAMENTOS;COMPUTADORES E EQUIPAMENTOS;NM;82901000000127;04/06/2023
IRBR;IRBR3;IRBBRASIL RE;FINANCEIRO;PREVIDÊNCIA E SEGUROS;SEGURADORAS;NM;33376989000191;04/06/2023
ITPB;NI;ITAPEBI;UTILIDADE PÚBLICA;ENERGIA ELÉTRICA;ENERGIA ELÉTRICA;NI;99999999999999;04/06/2023
ITSA;ITSA3, ITSA4;ITAUSA;FINANCEIRO;INTERMEDIÁRIOS FINANCEIROS;BANCOS;N1;61532644000115;04/06/2023
ITUB;ITUB3, ITUB4;ITAUUNIBANCO;FINANCEIRO;INTERMEDIÁRIOS FINANCEIROS;BANCOS;N1;60872504000123;04/06/2023
IVPR;IVPR4B, IVPR3B;INVEPAR;BENS INDUSTRIAIS;TRANSPORTE;SERVIÇOS DE APOIO E ARMAZENAGEM;MB;03758318000124;04/06/2023
JALL;JALL3;JALLESMACHAD;CONSUMO NÃO CÍCLICO;ALIMENTOS PROCESSADOS;AÇUCAR E ALCOOL;NM;02635522000195;04/06/2023
JBDU;JBDU3, JBDU4;J B DUARTE;OUTROS;OUTROS;OUTROS;NI;60637238000154;04/06/2023
JBSS;JBSS3;JBS;CONSUMO NÃO CÍCLICO;ALIMENTOS PROCESSADOS;CARNES E DERIVADOS;NM;02916265000160;04/06/2023
JFEN;JFEN3;JOAO FORTES;CONSUMO CÍCLICO;CONSTRUÇÃO CIVIL;INCORPORAÇÕES;NI;33035536000100;04/06/2023
JHSF;JHSF3;JHSF PART;CONSUMO CÍCLICO;CONSTRUÇÃO CIVIL;INCORPORAÇÕES;NM;08294224000165;04/06/2023
JMCD;NI;J.MACEDO;CONSUMO NÃO CÍCLICO;ALIMENTOS PROCESSADOS;ALIMENTOS DIVERSOS;NI;99999999999999;04/06/2023
JOPA;JOPA3, JOPA4;JOSAPAR;CONSUMO NÃO CÍCLICO;ALIMENTOS PROCESSADOS;ALIMENTOS DIVERSOS;NI;87456562000122;04/06/2023
JPSA;JPSA3;JEREISSATI;FINANCEIRO;EXPLORAÇÃO DE IMÓVEIS;EXPLORAÇÃO DE IMÓVEIS;NI;60543816000193;04/06/2023
JSLG;JSLG3;JSL;BENS INDUSTRIAIS;TRANSPORTE;TRANSPORTE RODOVIÁRIO;NM;52548435000179;04/06/2023
KEPL;KEPL3;KEPLER WEBER;BENS INDUSTRIAIS;MÁQUINAS E EQUIPAMENTOS;MÁQ. E EQUIP. INDUSTRIAIS;NI;91983056000169;04/06/2023
KLAS;KLAS3;KALLAS;CONSUMO CÍCLICO;CONSTRUÇÃO CIVIL;INCORPORAÇÕES;NI;09146451000106;04/06/2023
KLBN;KLBN11, KLBN3, KLBN4;KLABIN S/A;MATERIAIS BÁSICOS;MADEIRA E PAPEL;PAPEL E CELULOSE;N2;89637490000145;04/06/2023
KRSA;KRSA3;KORA SAUDE;SAÚDE;SERVIÇOS MÉDICO - HOSPITALARES, ANÁLISES E DIAGNÓSTICOS;SERVIÇOS MÉDICO - HOSPITALARES, ANÁLISES E DIAGNÓSTICOS;NM;13270520000166;04/06/2023
LAME;LAME3, LAME4;LOJAS AMERIC;CONSUMO CÍCLICO;COMÉRCIO;PRODUTOS DIVERSOS;N1;33014556000196;04/06/2023
LAND;LAND3;TERRASANTAPA;CONSUMO NÃO CÍCLICO;AGROPECUÁRIA;AGRICULTURA;NM;40337136000106;04/06/2023
LAVV;LAVV3;LAVVI;CONSUMO CÍCLICO;CONSTRUÇÃO CIVIL;INCORPORAÇÕES;NM;26462693000128;04/06/2023
LCAM;LCAM3;LOCAMERICA;CONSUMO CÍCLICO;DIVERSOS;ALUGUEL DE CARROS;NM;10215988000160;04/06/2023
LEVE;LEVE3;METAL LEVE;CONSUMO CÍCLICO;AUTOMÓVEIS E MOTOCICLETAS;AUTOMÓVEIS E MOTOCICLETAS;NM;60476884000187;04/06/2023
LIGH;NI;LIGHT;UTILIDADE PÚBLICA;ENERGIA ELÉTRICA;ENERGIA ELÉTRICA;NI;99999999999999;04/06/2023
LIGT;LIGT3;LIGHT S/A;UTILIDADE PÚBLICA;ENERGIA ELÉTRICA;ENERGIA ELÉTRICA;NM;03378521000175;04/06/2023
LINX;LINX3;LINX;TECNOLOGIA DA INFORMAÇÃO;PROGRAMAS E SERVIÇOS;PROGRAMAS E SERVIÇOS;NM;06948969000175;04/06/2023
LIPR;LIPR3;ELETROPAR;UTILIDADE PÚBLICA;ENERGIA ELÉTRICA;ENERGIA ELÉTRICA;NI;01104937000170;04/06/2023
LJQQ;LJQQ3;QUERO-QUERO;CONSUMO CÍCLICO;COMÉRCIO;PRODUTOS DIVERSOS;NM;96418264021802;04/06/2023
LLBI;LLBI3, LLBI4;LE BISCUIT;CONSUMO CÍCLICO;COMÉRCIO;PRODUTOS DIVERSOS;NI;16233389000155;04/06/2023
LLIS;LLIS3;LE LIS BLANC;CONSUMO CÍCLICO;COMÉRCIO;TECIDOS, VESTUÁRIO E CALÇADOS;NM;49669856000143;04/06/2023
LMED;LMED3;LIFEMED;SAÚDE;EQUIPAMENTOS;EQUIPAMENTOS;MA;02357251000153;04/06/2023
LOGG;LOGG3;LOG COM PROP;FINANCEIRO;EXPLORAÇÃO DE IMÓVEIS;EXPLORAÇÃO DE IMÓVEIS;NM;09041168000110;04/06/2023
LOGN;LOGN3;LOG-IN;BENS INDUSTRIAIS;TRANSPORTE;TRANSPORTE HIDROVIÁRIO;NM;42278291000124;04/06/2023
LPSB;LPSB3;LOPES BRASIL;FINANCEIRO;EXPLORAÇÃO DE IMÓVEIS;INTERMEDIAÇÃO IMOBILIÁRIA;NM;08078847000109;04/06/2023
LREN;LREN3;LOJAS RENNER;CONSUMO CÍCLICO;COMÉRCIO;TECIDOS, VESTUÁRIO E CALÇADOS;NM;92754738000162;04/06/2023
LTEL;LTEL3B;LITEL;MATERIAIS BÁSICOS;MINERAÇÃO;MINERAIS METÁLICOS;MB;00743065000127;04/06/2023
LTLA;LTLA3B;LITELA;MATERIAIS BÁSICOS;MINERAÇÃO;MINERAIS METÁLICOS;MB;05495546000184;04/06/2023
LUPA;LUPA3;LUPATECH;PETRÓLEO, GÁS E BIOCOMBUSTÍVEIS;PETRÓLEO, GÁS E BIOCOMBUSTÍVEIS;EQUIPAMENTOS E SERVIÇOS;NM;89463822000112;04/06/2023
LUXM;LUXM3, LUXM4;TREVISA;BENS INDUSTRIAIS;TRANSPORTE;TRANSPORTE HIDROVIÁRIO;NI;92660570000126;04/06/2023
LVTC;LVTC3;WDC NETWORKS;TECNOLOGIA DA INFORMAÇÃO;PROGRAMAS E SERVIÇOS;PROGRAMAS E SERVIÇOS;NM;05917486000140;04/06/2023
LWSA;LWSA3;LOCAWEB;TECNOLOGIA DA INFORMAÇÃO;PROGRAMAS E SERVIÇOS;PROGRAMAS E SERVIÇOS;NM;02351877000152;04/06/2023
MAPT;MAPT4, MAPT3;CEMEPE;OUTROS;OUTROS;OUTROS;NI;93828986000173;04/06/2023
MATD;MATD3;MATER DEI;SAÚDE;SERVIÇOS MÉDICO - HOSPITALARES, ANÁLISES E DIAGNÓSTICOS;SERVIÇOS MÉDICO - HOSPITALARES, ANÁLISES E DIAGNÓSTICOS;NM;16676520000159;04/06/2023
MBLY;MBLY3;MOBLY;TECNOLOGIA DA INFORMAÇÃO;PROGRAMAS E SERVIÇOS;PROGRAMAS E SERVIÇOS;NM;31553627000101;04/06/2023
MCRJ;NI;CEPAC - MCRJ;FINANCEIRO;OUTROS TÍTULOS;OUTROS TÍTULOS;MB;99999999999999;04/06/2023
MDIA;MDIA3;M.DIASBRANCO;CONSUMO NÃO CÍCLICO;ALIMENTOS PROCESSADOS;ALIMENTOS DIVERSOS;NM;07206816000115;04/06/2023
MDNE;MDNE3;MOURA DUBEUX;CONSUMO CÍCLICO;CONSTRUÇÃO CIVIL;INCORPORAÇÕES;NM;12049631000184;04/06/2023
MEAL;MEAL3;IMC S/A;CONSUMO CÍCLICO;HOTEIS E RESTAURANTES;RESTAURANTE E SIMILARES;NM;17314329000120;04/06/2023
MELK;MELK3;MELNICK;CONSUMO CÍCLICO;CONSTRUÇÃO CIVIL;INCORPORAÇÕES;NM;12181987000177;04/06/2023
MERC;MERC3, MERC4;MERC FINANC;FINANCEIRO;INTERMEDIÁRIOS FINANCEIROS;SOC. CRÉDITO E FINANCIAMENTO;NI;33040601000187;04/06/2023
MGEL;MGEL3, MGEL4;MANGELS INDL;MATERIAIS BÁSICOS;SIDERURGIA E METALURGIA;ARTEFATOS DE FERRO E AÇO;NI;61065298000102;04/06/2023
MGIP;NI;MGI PARTICIP;OUTROS;OUTROS;OUTROS;NI;99999999999999;04/06/2023
MGLU;MGLU3;MAGAZ LUIZA;CONSUMO CÍCLICO;COMÉRCIO;ELETRODOMÉSTICOS;NM;47960950000121;04/06/2023
MILS;MILS3;MILLS;BENS INDUSTRIAIS;CONSTRUÇÃO E ENGENHARIA;SERVIÇOS DIVERSOS;NM;27093558000115;04/06/2023
MLAS;MLAS3;MULTILASER;TECNOLOGIA DA INFORMAÇÃO;COMPUTADORES E EQUIPAMENTOS;COMPUTADORES E EQUIPAMENTOS;NM;59717553000102;04/06/2023
MMAQ;MMAQ3, MMAQ4;MINASMAQUINA;BENS INDUSTRIAIS;COMÉRCIO;MATERIAL DE TRANSPORTE;NI;17161241000115;04/06/2023
MMXM;MMXM3;MMX MINER;MATERIAIS BÁSICOS;MINERAÇÃO;MINERAIS METÁLICOS;NM;02762115000149;04/06/2023
MNDL;MNDL3;MUNDIAL;CONSUMO CÍCLICO;TECIDOS, VESTUÁRIO E CALÇADOS;ACESSÓRIOS;NI;88610191000154;04/06/2023
MNPR;MNPR3;MINUPAR;CONSUMO NÃO CÍCLICO;ALIMENTOS PROCESSADOS;CARNES E DERIVADOS;NI;90076886000140;04/06/2023
MNZC;MNZC3B;MENEZES CORT;FINANCEIRO;EXPLORAÇÃO DE IMÓVEIS;EXPLORAÇÃO DE IMÓVEIS;MB;02664042000152;04/06/2023
MOAR;MOAR3;MONT ARANHA;FINANCEIRO;HOLDINGS DIVERSIFICADAS;HOLDINGS DIVERSIFICADAS;NI;33102476000192;04/06/2023
MODL;MODL3, MODL4, MODL11;MODALMAIS;FINANCEIRO;INTERMEDIÁRIOS FINANCEIROS;BANCOS;N2;30723886000162;04/06/2023
MOSI;MOSI3;MOSAICO;TECNOLOGIA DA INFORMAÇÃO;PROGRAMAS E SERVIÇOS;PROGRAMAS E SERVIÇOS;NM;09083175000184;04/06/2023
MOVI;MOVI3;MOVIDA;CONSUMO CÍCLICO;DIVERSOS;ALUGUEL DE CARROS;NM;21314559000166;04/06/2023
MRFG;MRFG3;MARFRIG;CONSUMO NÃO CÍCLICO;ALIMENTOS PROCESSADOS;CARNES E DERIVADOS;NM;03853896000140;04/06/2023
MRSA;MRSA3B, MRSA5B, MRSA6B;MRS LOGIST;BENS INDUSTRIAIS;TRANSPORTE;TRANSPORTE FERROVIÁRIO;MB;01417222000177;04/06/2023
MRVE;MRVE3;MRV;CONSUMO CÍCLICO;CONSTRUÇÃO CIVIL;INCORPORAÇÕES;NM;08343492000120;04/06/2023
MSPA;MSPA3, MSPA4;MELHOR SP;MATERIAIS BÁSICOS;MADEIRA E PAPEL;PAPEL E CELULOSE;NI;60730348000166;04/06/2023
MSRO;MSRO3;MAESTROLOC;CONSUMO CÍCLICO;DIVERSOS;ALUGUEL DE CARROS;M2;08795211000170;04/06/2023
MTIG;MTIG3, MTIG4;METAL IGUACU;MATERIAIS BÁSICOS;EMBALAGENS;EMBALAGENS;NI;80227184000166;04/06/2023
MTRE;MTRE3;MITRE REALTY;CONSUMO CÍCLICO;CONSTRUÇÃO CIVIL;INCORPORAÇÕES;NM;07882930000165;04/06/2023
MTSA;MTSA3, MTSA4;METISA;BENS INDUSTRIAIS;MÁQUINAS E EQUIPAMENTOS;MÁQ. E EQUIP. CONSTRUÇÃO E AGRÍCOLAS;NI;86375425000109;04/06/2023
MULT;MULT3;MULTIPLAN;FINANCEIRO;EXPLORAÇÃO DE IMÓVEIS;EXPLORAÇÃO DE IMÓVEIS;N2;07816890000153;04/06/2023
MWET;MWET3, MWET4;WETZEL S/A;BENS INDUSTRIAIS;MATERIAL DE TRANSPORTE;MATERIAL RODOVIÁRIO;NI;84683671000194;04/06/2023
MYPK;MYPK3;IOCHP-MAXION;CONSUMO CÍCLICO;AUTOMÓVEIS E MOTOCICLETAS;AUTOMÓVEIS E MOTOCICLETAS;NM;61156113000175;04/06/2023
NEMO;NEMO3, NEMO5, NEMO6;SUZANO HOLD;MATERIAIS BÁSICOS;MADEIRA E PAPEL;PAPEL E CELULOSE;NI;60651809000105;04/06/2023
NEOE;NEOE3;NEOENERGIA;UTILIDADE PÚBLICA;ENERGIA ELÉTRICA;ENERGIA ELÉTRICA;NM;01083200000118;04/06/2023
NGRD;NGRD3;NEOGRID;TECNOLOGIA DA INFORMAÇÃO;PROGRAMAS E SERVIÇOS;PROGRAMAS E SERVIÇOS;NM;10139870000108;04/06/2023
NINJ;NINJ3;GETNINJAS;TECNOLOGIA DA INFORMAÇÃO;PROGRAMAS E SERVIÇOS;PROGRAMAS E SERVIÇOS;NM;14127813000151;04/06/2023
NORD;NORD3;NORDON MET;BENS INDUSTRIAIS;MÁQUINAS E EQUIPAMENTOS;MÁQ. E EQUIP. INDUSTRIAIS;NI;60884319000159;04/06/2023
NRTQ;NRTQ3;NORTCQUIMICA;SAÚDE;MEDICAMENTOS E OUTROS PRODUTOS;MEDICAMENTOS E OUTROS PRODUTOS;MA;29950060000157;04/06/2023
NTCO;NTCO3;GRUPO NATURA;CONSUMO NÃO CÍCLICO;PRODUTOS DE USO PESSOAL E DE LIMPEZA;PRODUTOS DE USO PESSOAL;NM;32785497000197;04/06/2023
NUTR;NI;NUTRIPLANT;MATERIAIS BÁSICOS;QUÍMICOS;FERTILIZANTES E DEFENSIVOS;MA;99999999999999;04/06/2023
OCTS;NI;OCTANTE SEC;FINANCEIRO;SECURITIZADORAS DE RECEBÍVEIS;SECURITIZADORAS DE RECEBÍVEIS;NI;99999999999999;04/06/2023
ODER;ODER3, ODER4;ODERICH;CONSUMO NÃO CÍCLICO;ALIMENTOS PROCESSADOS;ALIMENTOS DIVERSOS;NI;97191902000194;04/06/2023
ODPV;ODPV3;ODONTOPREV;SAÚDE;SERVIÇOS MÉDICO - HOSPITALARES, ANÁLISES E DIAGNÓSTICOS;SERVIÇOS MÉDICO - HOSPITALARES, ANÁLISES E DIAGNÓSTICOS;NM;58119199000151;04/06/2023
OFSA;OFSA3;OUROFINO S/A;SAÚDE;MEDICAMENTOS E OUTROS PRODUTOS;MEDICAMENTOS E OUTROS PRODUTOS;NM;20258278000170;04/06/2023
OIBR;OIBR4, OIBR3;OI;COMUNICAÇÕES;TELECOMUNICAÇÕES;TELECOMUNICAÇÕES;N1;76535764000143;04/06/2023
OMGE;OMGE3;OMEGA GER;UTILIDADE PÚBLICA;ENERGIA ELÉTRICA;ENERGIA ELÉTRICA;NM;09149503000106;04/06/2023
ONCO;ONCO3;ONCOCLINICAS;SAÚDE;SERVIÇOS MÉDICO - HOSPITALARES, ANÁLISES E DIAGNÓSTICOS;SERVIÇOS MÉDICO - HOSPITALARES, ANÁLISES E DIAGNÓSTICOS;NM;12104241000402;04/06/2023
OPCT;OPCT3;OCEANPACT;PETRÓLEO, GÁS E BIOCOMBUSTÍVEIS;PETRÓLEO, GÁS E BIOCOMBUSTÍVEIS;EQUIPAMENTOS E SERVIÇOS;NM;09114805000130;04/06/2023
OPGM;OPGM3B;GAMA PART;OUTROS;OUTROS;OUTROS;MB;02796775000140;04/06/2023
OPHE;OPHE3B;OPPORT ENERG;OUTROS;OUTROS;OUTROS;MB;02318346000168;04/06/2023
OPSE;OPSE3B;SUDESTE S/A;OUTROS;OUTROS;OUTROS;MB;02062747000108;04/06/2023
OPTS;OPTS3B;SUL 116 PART;OUTROS;OUTROS;OUTROS;MB;01957772000189;04/06/2023
ORVR;ORVR3;ORIZON;UTILIDADE PÚBLICA;ÁGUA E SANEAMENTO;ÁGUA E SANEAMENTO;NM;11421994000136;04/06/2023
OSXB;OSXB3;OSX BRASIL;PETRÓLEO, GÁS E BIOCOMBUSTÍVEIS;PETRÓLEO, GÁS E BIOCOMBUSTÍVEIS;EQUIPAMENTOS E SERVIÇOS;NM;09112685000132;04/06/2023
PALF;NI;PAUL F LUZ;UTILIDADE PÚBLICA;ENERGIA ELÉTRICA;ENERGIA ELÉTRICA;NI;99999999999999;04/06/2023
PARD;PARD3;IHPARDINI;SAÚDE;SERVIÇOS MÉDICO - HOSPITALARES, ANÁLISES E DIAGNÓSTICOS;SERVIÇOS MÉDICO - HOSPITALARES, ANÁLISES E DIAGNÓSTICOS;NM;19378769000176;04/06/2023
PATI;PATI3, PATI4;PANATLANTICA;MATERIAIS BÁSICOS;SIDERURGIA E METALURGIA;ARTEFATOS DE FERRO E AÇO;NI;92693019000189;04/06/2023
PCAR;PCAR3;P.ACUCAR-CBD;CONSUMO NÃO CÍCLICO;COMÉRCIO E DISTRIBUIÇÃO;ALIMENTOS;N1;47508411000156;04/06/2023
PDGR;PDGR3;PDG REALT;CONSUMO CÍCLICO;CONSTRUÇÃO CIVIL;INCORPORAÇÕES;NM;02950811000189;04/06/2023
PDGS;NI;PDG SECURIT;FINANCEIRO;SECURITIZADORAS DE RECEBÍVEIS;SECURITIZADORAS DE RECEBÍVEIS;NI;99999999999999;04/06/2023
PEAB;PEAB3, PEAB4;PAR AL BAHIA;FINANCEIRO;HOLDINGS DIVERSIFICADAS;HOLDINGS DIVERSIFICADAS;NI;01938783000111;04/06/2023
PETR;PETR4, PETR3;PETROBRAS;PETRÓLEO, GÁS E BIOCOMBUSTÍVEIS;PETRÓLEO, GÁS E BIOCOMBUSTÍVEIS;EXPLORAÇÃO, REFINO E DISTRIBUIÇÃO;N2;33000167000101;04/06/2023
PETZ;PETZ3;PETZ;CONSUMO CÍCLICO;COMÉRCIO;PRODUTOS DIVERSOS;NM;18328118000109;04/06/2023
PFRM;PFRM3;PROFARMA;SAÚDE;COMÉRCIO E DISTRIBUIÇÃO;MEDICAMENTOS E OUTROS PRODUTOS;NM;45453214000151;04/06/2023
PINE;PINE3, PINE4;PINE;FINANCEIRO;INTERMEDIÁRIOS FINANCEIROS;BANCOS;N2;62144175000120;04/06/2023
PLAS;PLAS3;PLASCAR PART;CONSUMO CÍCLICO;AUTOMÓVEIS E MOTOCICLETAS;AUTOMÓVEIS E MOTOCICLETAS;NI;51928174000150;04/06/2023
PLPL;PLPL3;PLANOEPLANO;CONSUMO CÍCLICO;CONSTRUÇÃO CIVIL;INCORPORAÇÕES;NM;24230275000180;04/06/2023
PLSC;NI;POLO CAP SEC;FINANCEIRO;SECURITIZADORAS DE RECEBÍVEIS;SECURITIZADORAS DE RECEBÍVEIS;NI;99999999999999;04/06/2023
PMAM;PMAM3;PARANAPANEMA;MATERIAIS BÁSICOS;SIDERURGIA E METALURGIA;ARTEFATOS DE COBRE;NM;60398369000479;04/06/2023
PMSP;NI;CEPAC - PMSP;FINANCEIRO;OUTROS TÍTULOS;OUTROS TÍTULOS;MB;99999999999999;04/06/2023
PNVL;PNVL4, PNVL3;DIMED;SAÚDE;COMÉRCIO E DISTRIBUIÇÃO;MEDICAMENTOS E OUTROS PRODUTOS;NI;92665611000177;04/06/2023
POMO;POMO4, POMO3;MARCOPOLO;BENS INDUSTRIAIS;MATERIAL DE TRANSPORTE;MATERIAL RODOVIÁRIO;N2;88611835000129;04/06/2023
POSI;POSI3;POSITIVO TEC;TECNOLOGIA DA INFORMAÇÃO;COMPUTADORES E EQUIPAMENTOS;COMPUTADORES E EQUIPAMENTOS;NM;81243735000148;04/06/2023
POWE;POWE3;FOCUS ON;UTILIDADE PÚBLICA;ENERGIA ELÉTRICA;ENERGIA ELÉTRICA;NM;26735020000102;04/06/2023
PPAR;PPAR3;POLPAR;OUTROS;OUTROS;OUTROS;NI;59789545000171;04/06/2023
PPLA;PPLA11;PPLA;FINANCEIRO;SERVIÇOS FINANCEIROS DIVERSOS;GESTÃO DE RECURSOS E INVESTIMENTOS;DR3;15073274000188;04/06/2023
PRBC;NI;PARANA;FINANCEIRO;INTERMEDIÁRIOS FINANCEIROS;BANCOS;NI;99999999999999;04/06/2023
PRIO;PRIO3;PETRORIO;PETRÓLEO, GÁS E BIOCOMBUSTÍVEIS;PETRÓLEO, GÁS E BIOCOMBUSTÍVEIS;EXPLORAÇÃO, REFINO E DISTRIBUIÇÃO;NM;10629105000168;04/06/2023
PRMN;PRMN3B;PROMAN;UTILIDADE PÚBLICA;ENERGIA ELÉTRICA;ENERGIA ELÉTRICA;MB;02291077000193;04/06/2023
PRNR;PRNR3;PRINER;BENS INDUSTRIAIS;SERVIÇOS DIVERSOS;SERVIÇOS DIVERSOS;MA;18593815000197;04/06/2023
PRPT;PRPT3B;PROMPT PART;OUTROS;OUTROS;OUTROS;MB;02992449000109;04/06/2023
PSSA;PSSA3;PORTO SEGURO;FINANCEIRO;PREVIDÊNCIA E SEGUROS;SEGURADORAS;NM;02149205000169;04/06/2023
PSVM;PSVM11;PORTO VM;BENS INDUSTRIAIS;TRANSPORTE;SERVIÇOS DE APOIO E ARMAZENAGEM;NI;18494485000182;04/06/2023
PTBL;PTBL3;PORTOBELLO;BENS INDUSTRIAIS;CONSTRUÇÃO E ENGENHARIA;PRODUTOS PARA CONSTRUÇÃO;NM;83475913000191;04/06/2023
PTCA;PTCA11, PTCA3;PRATICA;BENS INDUSTRIAIS;MÁQUINAS E EQUIPAMENTOS;MÁQ. E EQUIP. INDUSTRIAIS;M2;08574411000100;04/06/2023
PTNT;PTNT3, PTNT4;PETTENATI;CONSUMO CÍCLICO;TECIDOS, VESTUÁRIO E CALÇADOS;FIOS E TECIDOS;NI;88613658000110;04/06/2023
QUAL;QUAL3;QUALICORP;SAÚDE;SERVIÇOS MÉDICO - HOSPITALARES, ANÁLISES E DIAGNÓSTICOS;SERVIÇOS MÉDICO - HOSPITALARES, ANÁLISES E DIAGNÓSTICOS;NM;11992680000193;04/06/2023
QUSW;QUSW3;QUALITY SOFT;TECNOLOGIA DA INFORMAÇÃO;PROGRAMAS E SERVIÇOS;PROGRAMAS E SERVIÇOS;MA;35791391000194;04/06/2023
QVQP;QVQP3B;524 PARTICIP;OUTROS;OUTROS;OUTROS;MB;01851771000155;04/06/2023
RADL;RADL3;RAIADROGASIL;SAÚDE;COMÉRCIO E DISTRIBUIÇÃO;MEDICAMENTOS E OUTROS PRODUTOS;NM;61585865000151;04/06/2023
RAIL;RAIL3;RUMO S.A.;BENS INDUSTRIAIS;TRANSPORTE;TRANSPORTE FERROVIÁRIO;NM;02387241000160;04/06/2023
RAIZ;RAIZ4;RAIZEN;CONSUMO NÃO CÍCLICO;AGROPECUÁRIA;AGRICULTURA;N2;33453598000123;04/06/2023
RANI;RANI3, RANI4;IRANI;MATERIAIS BÁSICOS;MADEIRA E PAPEL;PAPEL E CELULOSE;NI;92791243000103;04/06/2023
RAPT;RAPT4, RAPT3;RANDON PART;BENS INDUSTRIAIS;MATERIAL DE TRANSPORTE;MATERIAL RODOVIÁRIO;N1;89086144000116;04/06/2023
RBNS;RBNS11;RODOBENS;BENS INDUSTRIAIS;COMÉRCIO;MATERIAL DE TRANSPORTE;NI;59981829000165;04/06/2023
RBRA;NI;RBCAPITALRES;FINANCEIRO;SECURITIZADORAS DE RECEBÍVEIS;SECURITIZADORAS DE RECEBÍVEIS;MB;99999999999999;04/06/2023
RCSL;RCSL3, RCSL4;RECRUSUL;BENS INDUSTRIAIS;MATERIAL DE TRANSPORTE;MATERIAL RODOVIÁRIO;NI;91333666000117;04/06/2023
RDNI;RDNI3;RNI;CONSUMO CÍCLICO;CONSTRUÇÃO CIVIL;INCORPORAÇÕES;NM;67010660000124;04/06/2023
RDOR;RDOR3;REDE D OR;SAÚDE;SERVIÇOS MÉDICO - HOSPITALARES, ANÁLISES E DIAGNÓSTICOS;SERVIÇOS MÉDICO - HOSPITALARES, ANÁLISES E DIAGNÓSTICOS;NM;06047087000139;04/06/2023
RDVT;NI;ROD TIETE;BENS INDUSTRIAIS;TRANSPORTE;EXPLORAÇÃO DE RODOVIAS;NI;99999999999999;04/06/2023
RECV;RECV3;PETRORECSA;PETRÓLEO, GÁS E BIOCOMBUSTÍVEIS;PETRÓLEO, GÁS E BIOCOMBUSTÍVEIS;EXPLORAÇÃO, REFINO E DISTRIBUIÇÃO;NM;03342704000130;04/06/2023
REDE;REDE3;REDE ENERGIA;UTILIDADE PÚBLICA;ENERGIA ELÉTRICA;ENERGIA ELÉTRICA;NI;61584140000149;04/06/2023
RENT;RENT3;LOCALIZA;CONSUMO CÍCLICO;DIVERSOS;ALUGUEL DE CARROS;NM;16670085000155;04/06/2023
RESA;NI;RAIZEN ENERG;CONSUMO NÃO CÍCLICO;ALIMENTOS PROCESSADOS;AÇUCAR E ALCOOL;NI;99999999999999;04/06/2023
RLOG;RLOG3;COSAN LOG;BENS INDUSTRIAIS;TRANSPORTE;TRANSPORTE FERROVIÁRIO;NM;17346997000139;04/06/2023
RNEW;RNEW11, RNEW4, RNEW3;RENOVA;UTILIDADE PÚBLICA;ENERGIA ELÉTRICA;ENERGIA ELÉTRICA;N2;08534605000174;04/06/2023
ROMI;ROMI3;INDS ROMI;BENS INDUSTRIAIS;MÁQUINAS E EQUIPAMENTOS;MÁQ. E EQUIP. INDUSTRIAIS;NM;56720428000163;04/06/2023
RPAD;RPAD3, RPAD5, RPAD6;ALFA HOLDING;FINANCEIRO;INTERMEDIÁRIOS FINANCEIROS;BANCOS;NI;17167396000169;04/06/2023
RPMG;RPMG3;PET MANGUINH;PETRÓLEO, GÁS E BIOCOMBUSTÍVEIS;PETRÓLEO, GÁS E BIOCOMBUSTÍVEIS;EXPLORAÇÃO, REFINO E DISTRIBUIÇÃO;NI;33412081000196;04/06/2023
RPTA;NI;CONC RAPOSO;BENS INDUSTRIAIS;TRANSPORTE;EXPLORAÇÃO DE RODOVIAS;NI;99999999999999;04/06/2023
RRRP;RRRP3;3R PETROLEUM;PETRÓLEO. GÁS E BIOCOMBUSTÍVEIS;PETRÓLEO. GÁS E BIOCOMBUSTÍVEIS;EXPLORAÇÃO. REFINO E DISTRIBUIÇÃO;NM;12091809000155;04/06/2023
RSID;RSID3;ROSSI RESID;CONSUMO CÍCLICO;CONSTRUÇÃO CIVIL;INCORPORAÇÕES;NM;61065751000180;04/06/2023
RSUL;RSUL3, RSUL4;RIOSULENSE;BENS INDUSTRIAIS;MATERIAL DE TRANSPORTE;MATERIAL RODOVIÁRIO;NI;85778074000106;04/06/2023
SAIP;NI;SALUS INFRA;BENS INDUSTRIAIS;TRANSPORTE;SERVIÇOS DE APOIO E ARMAZENAGEM;NI;99999999999999;04/06/2023
SANB;SANB4, SANB3, SANB11;SANTANDER BR;FINANCEIRO;INTERMEDIÁRIOS FINANCEIROS;BANCOS;NI;90400888000142;04/06/2023
SAPR;SAPR4, SAPR3, SAPR11;SANEPAR;UTILIDADE PÚBLICA;ÁGUA E SANEAMENTO;ÁGUA E SANEAMENTO;N2;76484013000145;04/06/2023
SBSP;SBSP3;SABESP;UTILIDADE PÚBLICA;ÁGUA E SANEAMENTO;ÁGUA E SANEAMENTO;NM;43776517000180;04/06/2023
SCAR;SCAR3;SAO CARLOS;FINANCEIRO;EXPLORAÇÃO DE IMÓVEIS;EXPLORAÇÃO DE IMÓVEIS;NM;29780061000109;04/06/2023
SEER;SEER3;SER EDUCA;CONSUMO CÍCLICO;DIVERSOS;SERVIÇOS EDUCACIONAIS;NM;04986320000113;04/06/2023
SEQL;SEQL3;SEQUOIA LOG;BENS INDUSTRIAIS;SERVIÇOS;SERVIÇOS DIVERSOS;NM;01599101000193;04/06/2023
SGPS;SGPS3;SPRINGS;CONSUMO CÍCLICO;TECIDOS, VESTUÁRIO E CALÇADOS;FIOS E TECIDOS;NM;07718269000157;04/06/2023
SHOW;SHOW3;TIME FOR FUN;CONSUMO CÍCLICO;VIAGENS E LAZER;PRODUÇÃO DE EVENTOS E SHOWS;NM;02860694000162;04/06/2023
SHUL;SHUL4, SHUL3;SCHULZ;BENS INDUSTRIAIS;MÁQUINAS E EQUIPAMENTOS;MOTORES, COMPRESSORES E OUTROS;NI;84693183000168;04/06/2023
SIMH;SIMH3;SIMPAR;FINANCEIRO;HOLDINGS DIVERSIFICADAS;HOLDINGS DIVERSIFICADAS;NM;07415333000120;04/06/2023
SLCE;SLCE3;SLC AGRICOLA;CONSUMO NÃO CÍCLICO;AGROPECUÁRIA;AGRICULTURA;NM;89096457000155;04/06/2023
SLCT;SLCT3B;SELECTPART;OUTROS;OUTROS;OUTROS;MB;02604860000160;04/06/2023
SLED;SLED4, SLED3;SARAIVA LIVR;CONSUMO CÍCLICO;COMÉRCIO;PRODUTOS DIVERSOS;N2;60500139000126;04/06/2023
SMFT;SMFT3;SMART FIT;CONSUMO CÍCLICO;VIAGENS E LAZER;ATIVIDADES ESPORTIVAS;M2;07594978000178;04/06/2023
SMLS;SMLS3;SMILES;CONSUMO CÍCLICO;DIVERSOS;PROGRAMAS DE FIDELIZAÇÃO;NM;05730375000120;04/06/2023
SMTO;SMTO3;SAO MARTINHO;CONSUMO NÃO CÍCLICO;ALIMENTOS PROCESSADOS;AÇUCAR E ALCOOL;NM;51466860000156;04/06/2023
SNST;NI;SANESALTO;UTILIDADE PÚBLICA;ÁGUA E SANEAMENTO;ÁGUA E SANEAMENTO;NI;99999999999999;04/06/2023
SNSY;SNSY3, SNSY5, SNSY6;SANSUY;MATERIAIS BÁSICOS;MATERIAIS DIVERSOS;MATERIAIS DIVERSOS;NI;14807945000124;04/06/2023
SOJA;SOJA3;BOA SAFRA;CONSUMO CÍCLICO;AGROPECUÁRIA;AGRICULTURA;NM;10807374000177;04/06/2023
SOMA;SOMA3;GRUPO SOMA;CONSUMO CÍCLICO;COMÉRCIO;TECIDOS, VESTUÁRIO E CALÇADOS;NM;10285590000108;04/06/2023
SOND;SOND3, SOND5, SOND6;SONDOTECNICA;BENS INDUSTRIAIS;CONSTRUÇÃO E ENGENHARIA;ENGENHARIA CONSULTIVA;NI;33386210000119;04/06/2023
SPRI;SPRI3, SPRI5, SPRI6;SPRINGER;FINANCEIRO;HOLDINGS DIVERSIFICADAS;HOLDINGS DIVERSIFICADAS;NI;92929520000100;04/06/2023
SPRT;NI;LONGDIS;OUTROS;OUTROS;OUTROS;MB;99999999999999;04/06/2023
SQIA;SQIA3;SINQIA;TECNOLOGIA DA INFORMAÇÃO;PROGRAMAS E SERVIÇOS;PROGRAMAS E SERVIÇOS;NM;04065791000199;04/06/2023
STBP;STBP3;SANTOS BRP;BENS INDUSTRIAIS;TRANSPORTE;SERVIÇOS DE APOIO E ARMAZENAGEM;N2;02762121000104;04/06/2023
STEN;NI;STO ANTONIO;UTILIDADE PÚBLICA;ENERGIA ELÉTRICA;ENERGIA ELÉTRICA;NI;99999999999999;04/06/2023
STKF;STKF3;STATKRAFT;UTILIDADE PÚBLICA;ENERGIA ELÉTRICA;ENERGIA ELÉTRICA;NI;00622416000141;04/06/2023
STTR;NI;STARA;BENS INDUSTRIAIS;MÁQUINAS E EQUIPAMENTOS;MÁQ. E EQUIP. CONSTRUÇÃO E AGRÍCOLAS;MA;99999999999999;04/06/2023
STTZ;NI;SANTHER;MATERIAIS BÁSICOS;MADEIRA E PAPEL;PAPEL E CELULOSE;NI;99999999999999;04/06/2023
SULA;SULA11, SULA3, SULA4;SUL AMERICA;FINANCEIRO;PREVIDÊNCIA E SEGUROS;SEGURADORAS;N2;29978814000187;04/06/2023
SUZB;SUZB3;SUZANO S.A.;MATERIAIS BÁSICOS;MADEIRA E PAPEL;PAPEL E CELULOSE;NM;16404287000155;04/06/2023
TAEE;TAEE11, TAEE3, TAEE4;TAESA;UTILIDADE PÚBLICA;ENERGIA ELÉTRICA;ENERGIA ELÉTRICA;N2;07859971000130;04/06/2023
TASA;TASA13, TASA15, TASA17, TASA3, TASA4;TAURUS ARMAS;BENS INDUSTRIAIS;MÁQUINAS E EQUIPAMENTOS;ARMAS E MUNIÇÕES;N2;92781335000102;04/06/2023
TCNO;TCNO3, TCNO4;TECNOSOLO;BENS INDUSTRIAIS;CONSTRUÇÃO E ENGENHARIA;ENGENHARIA CONSULTIVA;NI;33111246000190;04/06/2023
TCSA;TCSA3;TECNISA;CONSUMO CÍCLICO;CONSTRUÇÃO CIVIL;INCORPORAÇÕES;NM;08065557000112;04/06/2023
TECN;TECN3;TECHNOS;CONSUMO CÍCLICO;TECIDOS, VESTUÁRIO E CALÇADOS;ACESSÓRIOS;NM;09295063000197;04/06/2023
TEGA;TEGA3;TEGRA INCORP;CONSUMO CÍCLICO;CONSTRUÇÃO CIVIL;INCORPORAÇÕES;NI;30213493000109;04/06/2023
TEKA;TEKA3, TEKA4;TEKA;CONSUMO CÍCLICO;TECIDOS, VESTUÁRIO E CALÇADOS;FIOS E TECIDOS;NI;82636986000155;04/06/2023
TELB;TELB4, TELB3;TELEBRAS;COMUNICAÇÕES;TELECOMUNICAÇÕES;TELECOMUNICAÇÕES;NI;00336701000104;04/06/2023
TEND;TEND3;TENDA;CONSUMO CÍCLICO;CONSTRUÇÃO CIVIL;INCORPORAÇÕES;NM;71476527000135;04/06/2023
TEPE;NI;TERM. PE III;UTILIDADE PÚBLICA;ENERGIA ELÉTRICA;ENERGIA ELÉTRICA;NI;99999999999999;04/06/2023
TESA;TESA12, TESA3;TERRA SANTA;CONSUMO NÃO CÍCLICO;AGROPECUÁRIA;AGRICULTURA;NM;05799312000120;04/06/2023
TFCO;TFCO4;TRACK FIELD;CONSUMO CÍCLICO;TECIDOS, VESTUÁRIO E CALÇADOS;VESTUÁRIO;N2;59418806000147;04/06/2023
TGMA;TGMA3;TEGMA;BENS INDUSTRIAIS;TRANSPORTE;TRANSPORTE RODOVIÁRIO;NM;02351144000118;04/06/2023
TIET;TIET11, TIET3, TIET4;AES TIETE E;UTILIDADE PÚBLICA;ENERGIA ELÉTRICA;ENERGIA ELÉTRICA;N2;04128563000110;04/06/2023
TIMP;TIMP3;TIM PART S/A;COMUNICAÇÕES;TELECOMUNICAÇÕES;TELECOMUNICAÇÕES;NM;02558115000121;04/06/2023
TIMS;TIMS3;TIM;COMUNICAÇÕES;TELECOMUNICAÇÕES;TELECOMUNICAÇÕES;NM;02421421000111;04/06/2023
TKNO;TKNO3, TKNO4;TEKNO;MATERIAIS BÁSICOS;SIDERURGIA E METALURGIA;ARTEFATOS DE FERRO E AÇO;NI;33467572000134;04/06/2023
TMPE;NI;TERMOPE;UTILIDADE PÚBLICA;ENERGIA ELÉTRICA;ENERGIA ELÉTRICA;NI;99999999999999;04/06/2023
TOTS;TOTS3;TOTVS;TECNOLOGIA DA INFORMAÇÃO;PROGRAMAS E SERVIÇOS;PROGRAMAS E SERVIÇOS;NM;53113791000122;04/06/2023
TPIS;TPIS3;TRIUNFO PART;BENS INDUSTRIAIS;TRANSPORTE;EXPLORAÇÃO DE RODOVIAS;NM;03014553000191;04/06/2023
TRAD;TRAD3;TC;TECNOLOGIA DA INFORMAÇÃO;PROGRAMAS E SERVIÇOS;PROGRAMAS E SERVIÇOS;NM;26345998000150;04/06/2023
TRIA;NI;TRIANGULOSOL;BENS INDUSTRIAIS;TRANSPORTE;EXPLORAÇÃO DE RODOVIAS;NI;99999999999999;04/06/2023
TRIS;TRIS3;TRISUL;CONSUMO CÍCLICO;CONSTRUÇÃO CIVIL;INCORPORAÇÕES;NM;08811643000127;04/06/2023
TRPL;TRPL3, TRPL4;TRAN PAULIST;UTILIDADE PÚBLICA;ENERGIA ELÉTRICA;ENERGIA ELÉTRICA;N1;02998611000104;04/06/2023
TTEN;TTEN3;3TENTOS;CONSUMO NÃO CÍCLICO;AGROPECUÁRIA;AGRICULTURA;NM;94813102000170;04/06/2023
TUPY;TUPY3;TUPY;BENS INDUSTRIAIS;MATERIAL DE TRANSPORTE;MATERIAL RODOVIÁRIO;NM;84683374000149;04/06/2023
TXRX;NI;TEX RENAUX;CONSUMO CÍCLICO;TECIDOS, VESTUÁRIO E CALÇADOS;FIOS E TECIDOS;NI;99999999999999;04/06/2023
UCAS;UCAS3;UNICASA;CONSUMO CÍCLICO;UTILIDADES DOMÉSTICAS;MÓVEIS;NM;90441460000148;04/06/2023
UGPA;UGPA3;ULTRAPAR;PETRÓLEO, GÁS E BIOCOMBUSTÍVEIS;PETRÓLEO, GÁS E BIOCOMBUSTÍVEIS;EXPLORAÇÃO, REFINO E DISTRIBUIÇÃO;NM;33256439000139;04/06/2023
UNID;NI;UNIDAS;CONSUMO CÍCLICO;DIVERSOS;ALUGUEL DE CARROS;NI;99999999999999;04/06/2023
UNIP;UNIP3, UNIP5, UNIP6;UNIPAR;MATERIAIS BÁSICOS;QUÍMICOS;QUÍMICOS DIVERSOS;NI;33958695000178;04/06/2023
UPKP;UPKP3B;UPTICK;UTILIDADE PÚBLICA;ENERGIA ELÉTRICA;ENERGIA ELÉTRICA;MB;02162616000194;04/06/2023
USIM;USIM6, USIM5, USIM3;USIMINAS;MATERIAIS BÁSICOS;SIDERURGIA E METALURGIA;SIDERURGIA;N1;60894730000105;04/06/2023
VALE;VALE3;VALE;MATERIAIS BÁSICOS;MINERAÇÃO;MINERAIS METÁLICOS;NM;33592510000154;04/06/2023
VERT;NI;VERTCIASEC;FINANCEIRO;SECURITIZADORAS DE RECEBÍVEIS;SECURITIZADORAS DE RECEBÍVEIS;NI;99999999999999;04/06/2023
VIVA;VIVA3;VIVARA S.A.;CONSUMO CÍCLICO;TECIDOS, VESTUÁRIO E CALÇADOS;ACESSÓRIOS;NM;33839910000111;04/06/2023
VIVR;VIVR3;VIVER;CONSUMO CÍCLICO;CONSTRUÇÃO CIVIL;INCORPORAÇÕES;NM;67571414000141;04/06/2023
VIVT;VIVT3, VIVT4;TELEF BRASIL;COMUNICAÇÕES;TELECOMUNICAÇÕES;TELECOMUNICAÇÕES;NI;02558157000162;04/06/2023
VLID;VLID3;VALID;BENS INDUSTRIAIS;SERVIÇOS DIVERSOS;SERVIÇOS DIVERSOS;NM;33113309000147;04/06/2023
VOES;NI;VIAOESTE;BENS INDUSTRIAIS;TRANSPORTE;EXPLORAÇÃO DE RODOVIAS;NI;99999999999999;04/06/2023
VSPT;VSPT3, VSPT4;FER C ATLANT;BENS INDUSTRIAIS;TRANSPORTE;TRANSPORTE FERROVIÁRIO;NI;00924429000175;04/06/2023
VULC;VULC3;VULCABRAS;CONSUMO CÍCLICO;TECIDOS, VESTUÁRIO E CALÇADOS;CALÇADOS;NM;50926955000142;04/06/2023
VVAR;VVAR3;VIAVAREJO;CONSUMO CÍCLICO;COMÉRCIO;ELETRODOMÉSTICOS;NM;33041260065290;04/06/2023
WEGE;WEGE3;WEG;BENS INDUSTRIAIS;MÁQUINAS E EQUIPAMENTOS;MOTORES, COMPRESSORES E OUTROS;NM;84429695000111;04/06/2023
WEST;WEST3;WESTWING;TECNOLOGIA DA INFORMAÇÃO;PROGRAMAS E SERVIÇOS;PROGRAMAS E SERVIÇOS;NM;14776142000150;04/06/2023
WHRL;WHRL3;WHIRLPOOL;CONSUMO CÍCLICO;UTILIDADES DOMÉSTICAS;ELETRODOMÉSTICOS;NI;59105999000186;04/06/2023
WIZS;WIZS3;WIZ S.A.;FINANCEIRO;PREVIDÊNCIA E SEGUROS;CORRETORAS DE SEGUROS;NM;42278473000103;04/06/2023
WLMM;WLMM3, WLMM4;WLM IND COM;BENS INDUSTRIAIS;COMÉRCIO;MATERIAL DE TRANSPORTE;NI;33228024000151;04/06/2023
WSON;WSON33;WILSON SONS;BENS INDUSTRIAIS;TRANSPORTE;SERVIÇOS DE APOIO E ARMAZENAGEM;DR3;05721735000128;04/06/2023
WTPI;NI;WTORRE PIC;FINANCEIRO;SECURITIZADORAS DE RECEBÍVEIS;SECURITIZADORAS DE RECEBÍVEIS;NI;99999999999999;04/06/2023
WTVR;NI;BRPR 56 SEC;FINANCEIRO;SECURITIZADORAS DE RECEBÍVEIS;SECURITIZADORAS DE RECEBÍVEIS;NI;99999999999999;04/06/2023
YDUQ;YDUQ3;YDUQS PART;CONSUMO CÍCLICO;DIVERSOS;SERVIÇOS EDUCACIONAIS;NM;08807432000110;04/06/2023
